Workbook

Sheet 库存总览
A1: 豆计 · MARD 221 拼豆库存表（增强版）
A2: 社区版参考色 · 非官方精确色值 · 记账以色号为准 · 黄色单元格为可编辑输入区
A3: 当前总库存(颗) | B3: =SUM(D6:D226) | C3: 累计已用(颗) | D3: =SUM(H6:H226) | E3: 预警比例(%) | F3: 10 | G3: 低库存色号数 | H3: =COUNTIF(G6:G226,"⚠️*")
A5: 色系 | B5: 色号 | C5: 参考色 | D5: 当前库存(颗) | E5: 精度 | F5: 预警基准(颗) | G5: 低库存 | H5: 累计已用(颗) | I5: 备注
A6: A · 黄橙 | B6: A1 | E6: 估算 | F6: 1000 | G6: =IF(OR($D6="",$F6=""),"",IF($F6<=0,"",IF($D6/$F6*100<=$F$3,"⚠️ 低库存","")))
A7: A · 黄橙 | B7: A2 | E7: 估算 | F7: 1000 | G7: =IF(OR($D7="",$F7=""),"",IF($F7<=0,"",IF($D7/$F7*100<=$F$3,"⚠️ 低库存","")))
A8: A · 黄橙 | B8: A3 | E8: 估算 | F8: 1000 | G8: =IF(OR($D8="",$F8=""),"",IF($F8<=0,"",IF($D8/$F8*100<=$F$3,"⚠️ 低库存","")))
A9: A · 黄橙 | B9: A4 | E9: 估算 | F9: 1000 | G9: =IF(OR($D9="",$F9=""),"",IF($F9<=0,"",IF($D9/$F9*100<=$F$3,"⚠️ 低库存","")))
A10: A · 黄橙 | B10: A5 | E10: 估算 | F10: 1000 | G10: =IF(OR($D10="",$F10=""),"",IF($F10<=0,"",IF($D10/$F10*100<=$F$3,"⚠️ 低库存","")))
A11: A · 黄橙 | B11: A6 | E11: 估算 | F11: 1000 | G11: =IF(OR($D11="",$F11=""),"",IF($F11<=0,"",IF($D11/$F11*100<=$F$3,"⚠️ 低库存","")))
A12: A · 黄橙 | B12: A7 | E12: 估算 | F12: 1000 | G12: =IF(OR($D12="",$F12=""),"",IF($F12<=0,"",IF($D12/$F12*100<=$F$3,"⚠️ 低库存","")))
A13: A · 黄橙 | B13: A8 | E13: 估算 | F13: 1000 | G13: =IF(OR($D13="",$F13=""),"",IF($F13<=0,"",IF($D13/$F13*100<=$F$3,"⚠️ 低库存","")))
A14: A · 黄橙 | B14: A9 | E14: 估算 | F14: 1000 | G14: =IF(OR($D14="",$F14=""),"",IF($F14<=0,"",IF($D14/$F14*100<=$F$3,"⚠️ 低库存","")))
A15: A · 黄橙 | B15: A10 | E15: 估算 | F15: 1000 | G15: =IF(OR($D15="",$F15=""),"",IF($F15<=0,"",IF($D15/$F15*100<=$F$3,"⚠️ 低库存","")))
A16: A · 黄橙 | B16: A11 | E16: 估算 | F16: 1000 | G16: =IF(OR($D16="",$F16=""),"",IF($F16<=0,"",IF($D16/$F16*100<=$F$3,"⚠️ 低库存","")))
A17: A · 黄橙 | B17: A12 | E17: 估算 | F17: 1000 | G17: =IF(OR($D17="",$F17=""),"",IF($F17<=0,"",IF($D17/$F17*100<=$F$3,"⚠️ 低库存","")))
... A226: M · 大地 | B226: M15 | E226: 估算 | F226: 1000 | G226: =IF(OR($D226="",$F226=""),"",IF($F226<=0,"",IF($D226/$F226*100<=$F$3,"⚠️ 低库存","")))

Sheet 图纸缺口计算器
A1: 图纸缺口计算器
A2: 只需填写「色号」和「需求颗数」两列，库存自动查询；结果自动联动「补货清单」
A3: 图纸名称
A4: 总需求(颗) | B4: =SUM(B8:B47) | C4: 涉及颜色数 | D4: =COUNTIF(B8:B47,">0")
A5: 总缺口(颗) | B5: =SUM(D8:D47) | C5: 可拼状态 | D5: =IF(B5=0,"✅ 可拼","❌ 需补豆")
A7: 色号 | B7: 需求颗数 | C7: 当前库存 | D7: 缺口 | E7: 预计余量
C8: =IF($A8="","",IFERROR(N(VLOOKUP($A8,库存总览!$B$6:$D$226,3,FALSE)),0)) | D8: =IF(OR($A8="",$B8=""),"",MAX($B8-$C8,0)) | E8: =IF(OR($A8="",$B8=""),"",$C8-$B8)
C9: =IF($A9="","",IFERROR(N(VLOOKUP($A9,库存总览!$B$6:$D$226,3,FALSE)),0)) | D9: =IF(OR($A9="",$B9=""),"",MAX($B9-$C9,0)) | E9: =IF(OR($A9="",$B9=""),"",$C9-$B9)
C10: =IF($A10="","",IFERROR(N(VLOOKUP($A10,库存总览!$B$6:$D$226,3,FALSE)),0)) | D10: =IF(OR($A10="",$B10=""),"",MAX($B10-$C10,0)) | E10: =IF(OR($A10="",$B10=""),"",$C10-$B10)
C11: =IF($A11="","",IFERROR(N(VLOOKUP($A11,库存总览!$B$6:$D$226,3,FALSE)),0)) | D11: =IF(OR($A11="",$B11=""),"",MAX($B11-$C11,0)) | E11: =IF(OR($A11="",$B11=""),"",$C11-$B11)
C12: =IF($A12="","",IFERROR(N(VLOOKUP($A12,库存总览!$B$6:$D$226,3,FALSE)),0)) | D12: =IF(OR($A12="",$B12=""),"",MAX($B12-$C12,0)) | E12: =IF(OR($A12="",$B12=""),"",$C12-$B12)
C13: =IF($A13="","",IFERROR(N(VLOOKUP($A13,库存总览!$B$6:$D$226,3,FALSE)),0)) | D13: =IF(OR($A13="",$B13=""),"",MAX($B13-$C13,0)) | E13: =IF(OR($A13="",$B13=""),"",$C13-$B13)
C14: =IF($A14="","",IFERROR(N(VLOOKUP($A14,库存总览!$B$6:$D$226,3,FALSE)),0)) | D14: =IF(OR($A14="",$B14=""),"",MAX($B14-$C14,0)) | E14: =IF(OR($A14="",$B14=""),"",$C14-$B14)
C15: =IF($A15="","",IFERROR(N(VLOOKUP($A15,库存总览!$B$6:$D$226,3,FALSE)),0)) | D15: =IF(OR($A15="",$B15=""),"",MAX($B15-$C15,0)) | E15: =IF(OR($A15="",$B15=""),"",$C15-$B15)
C16: =IF($A16="","",IFERROR(N(VLOOKUP($A16,库存总览!$B$6:$D$226,3,FALSE)),0)) | D16: =IF(OR($A16="",$B16=""),"",MAX($B16-$C16,0)) | E16: =IF(OR($A16="",$B16=""),"",$C16-$B16)
C17: =IF($A17="","",IFERROR(N(VLOOKUP($A17,库存总览!$B$6:$D$226,3,FALSE)),0)) | D17: =IF(OR($A17="",$B17=""),"",MAX($B17-$C17,0)) | E17: =IF(OR($A17="",$B17=""),"",$C17-$B17)
C18: =IF($A18="","",IFERROR(N(VLOOKUP($A18,库存总览!$B$6:$D$226,3,FALSE)),0)) | D18: =IF(OR($A18="",$B18=""),"",MAX($B18-$C18,0)) | E18: =IF(OR($A18="",$B18=""),"",$C18-$B18)
C19: =IF($A19="","",IFERROR(N(VLOOKUP($A19,库存总览!$B$6:$D$226,3,FALSE)),0)) | D19: =IF(OR($A19="",$B19=""),"",MAX($B19-$C19,0)) | E19: =IF(OR($A19="",$B19=""),"",$C19-$B19)
... C47: =IF($A47="","",IFERROR(N(VLOOKUP($A47,库存总览!$B$6:$D$226,3,FALSE)),0)) | D47: =IF(OR($A47="",$B47=""),"",MAX($B47-$C47,0)) | E47: =IF(OR($A47="",$B47=""),"",$C47-$B47)

Sheet 补货清单
A1: 补货清单
A2: 自动联动「图纸缺口计算器」，只列出有缺口的色号；可直接截图或复制去采购
A3: 图纸 | B3: =图纸缺口计算器!B3
A5: 色号 | B5: 需补颗数 | C5: 备注
A6: =IF(OR(图纸缺口计算器!$D8="",图纸缺口计算器!$D8=0),"",图纸缺口计算器!$A8) | B6: =IF(OR(图纸缺口计算器!$D8="",图纸缺口计算器!$D8=0),"",图纸缺口计算器!$D8)
A7: =IF(OR(图纸缺口计算器!$D9="",图纸缺口计算器!$D9=0),"",图纸缺口计算器!$A9) | B7: =IF(OR(图纸缺口计算器!$D9="",图纸缺口计算器!$D9=0),"",图纸缺口计算器!$D9)
A8: =IF(OR(图纸缺口计算器!$D10="",图纸缺口计算器!$D10=0),"",图纸缺口计算器!$A10) | B8: =IF(OR(图纸缺口计算器!$D10="",图纸缺口计算器!$D10=0),"",图纸缺口计算器!$D10)
A9: =IF(OR(图纸缺口计算器!$D11="",图纸缺口计算器!$D11=0),"",图纸缺口计算器!$A11) | B9: =IF(OR(图纸缺口计算器!$D11="",图纸缺口计算器!$D11=0),"",图纸缺口计算器!$D11)
A10: =IF(OR(图纸缺口计算器!$D12="",图纸缺口计算器!$D12=0),"",图纸缺口计算器!$A12) | B10: =IF(OR(图纸缺口计算器!$D12="",图纸缺口计算器!$D12=0),"",图纸缺口计算器!$D12)
A11: =IF(OR(图纸缺口计算器!$D13="",图纸缺口计算器!$D13=0),"",图纸缺口计算器!$A13) | B11: =IF(OR(图纸缺口计算器!$D13="",图纸缺口计算器!$D13=0),"",图纸缺口计算器!$D13)
A12: =IF(OR(图纸缺口计算器!$D14="",图纸缺口计算器!$D14=0),"",图纸缺口计算器!$A14) | B12: =IF(OR(图纸缺口计算器!$D14="",图纸缺口计算器!$D14=0),"",图纸缺口计算器!$D14)
A13: =IF(OR(图纸缺口计算器!$D15="",图纸缺口计算器!$D15=0),"",图纸缺口计算器!$A15) | B13: =IF(OR(图纸缺口计算器!$D15="",图纸缺口计算器!$D15=0),"",图纸缺口计算器!$D15)
A14: =IF(OR(图纸缺口计算器!$D16="",图纸缺口计算器!$D16=0),"",图纸缺口计算器!$A16) | B14: =IF(OR(图纸缺口计算器!$D16="",图纸缺口计算器!$D16=0),"",图纸缺口计算器!$D16)
A15: =IF(OR(图纸缺口计算器!$D17="",图纸缺口计算器!$D17=0),"",图纸缺口计算器!$A17) | B15: =IF(OR(图纸缺口计算器!$D17="",图纸缺口计算器!$D17=0),"",图纸缺口计算器!$D17)
A16: =IF(OR(图纸缺口计算器!$D18="",图纸缺口计算器!$D18=0),"",图纸缺口计算器!$A18) | B16: =IF(OR(图纸缺口计算器!$D18="",图纸缺口计算器!$D18=0),"",图纸缺口计算器!$D18)
A17: =IF(OR(图纸缺口计算器!$D19="",图纸缺口计算器!$D19=0),"",图纸缺口计算器!$A19) | B17: =IF(OR(图纸缺口计算器!$D19="",图纸缺口计算器!$D19=0),"",图纸缺口计算器!$D19)
... A45: =IF(OR(图纸缺口计算器!$D47="",图纸缺口计算器!$D47=0),"",图纸缺口计算器!$A47) | B45: =IF(OR(图纸缺口计算器!$D47="",图纸缺口计算器!$D47=0),"",图纸缺口计算器!$D47)
A46: 合计 | B46: =SUM(B6:B45)

Sheet 使用说明
A1: 豆计 · MARD 221 拼豆库存表（增强版）— 使用说明
A3: 【这是什么】
A4: 一张开箱即用的拼豆库存管理表，覆盖小红书流传的 221 色库存表的全部能力，并补上它缺的三件事：
A5: 低库存自动预警、图纸缺口计算、补货清单自动生成。是「豆计」App 的 Excel 钩子版本。
A7: 【快速开始】
A8: 1. 打开「库存总览」，在「当前库存」列逐色录入你手上的豆子颗数（未录入色号保持空白即可，不参与统计）。
A9: 2. 「预警基准」默认 1000 颗（拼豆常见袋装量），可按实际改；「预警比例」默认 10%，在表头 F3 修改。
A10: 3. 「精度」列标记估算/精确：数过的选精确，估的保留估算，提醒哪些数字要谨慎参考。
A11: 4. 想拼某张图：打开「图纸缺口计算器」，只填色号和需求颗数，自动查出库存、缺口、余量和可拼状态。
A12: 5. 打开「补货清单」，缺什么色、各补多少颗一目了然，截图即可去下单。
A13: 6. 拼完一张图，把各色实际用量加进「库存总览」的「累计已用」列——橙色数据条越长，越是你的高频色。
A15: 【规则说明（与豆计 App 同一套记账规则）】
... A26: 【后续路线】JSA 宏版（批量盘点/变动留痕）→ WPS JS 加载项（图纸管理 + 与豆计 App 备份互通）
